,srcip,sport,dstip,dsport,dur,sbytes,dbytes,sttl,dttl,sloss,dloss,sload,dload,spkts,dpkts,swin,dwin,stcpb,dtcpb,smeansz,dmeansz,trans_depth,res_bdy_len,sjit,djit,stime,ltime,sintpkt,dintpkt,tcprtt,synack,ackdat,is_sm_ips_ports,ct_state_ttl,ct_flw_http_mthd,is_ftp_login,ct_ftp_cmd,ct_src_src,ct_src_dst,ct_dst_ltm,ct_src_ltm,ct_src_dport_ltm,ct_dst_sport_ltm,proto_3pc,proto_a/n,proto_aes-sp3-d,proto_any,proto_argus,proto_aris,proto_arp,proto_ax.25,proto_bbn-rcc,proto_bna,proto_br-sat-mon,proto_cbt,proto_cftp,proto_chaos,proto_compaq-peer,proto_cphb,proto_cpnx,proto_crtp,proto_crudp,proto_dcn,proto_ddp,proto_ddx,proto_dgp,proto_egp,proto_eigrp,proto_emcon,proto_encap,proto_esp,proto_etherip,proto_fc,proto_fire,proto_ggp,proto_gmtp,proto_gre,proto_hmp,proto_i-nlsp,proto_iatp,proto_ib,proto_icmp,proto_idpr,proto_idpr-cmtp,proto_idrp,proto_ifmp,proto_igmp,proto_igp,proto_il,proto_ip,proto_ipcomp,proto_ipcv,proto_ipip,proto_iplt,proto_ipnip,proto_ippc,proto_ipv6,proto_ipv6-frag,proto_ipv6-no,proto_ipv6-opts,proto_ipv6-route,proto_ipx-n-ip,proto_irtp,proto_isis,proto_iso-ip,proto_iso-tp4,proto_kryptolan,proto_l2tp,proto_larp,proto_leaf-1,proto_leaf-2,proto_merit-inp,proto_mfe-nsp,proto_mhrp,proto_micp,proto_mobile,proto_mtp,proto_mux,proto_narp,proto_netblt,proto_nsfnet-igp,proto_nvp,proto_ospf,proto_pgm,proto_pim,proto_pipe,proto_pnni,proto_pri-enc,proto_prm,proto_ptp,proto_pup,proto_pvp,proto_qnx,proto_rdp,proto_rsvp,proto_rtp,proto_rvd,proto_sat-expak,proto_sat-mon,proto_sccopmce,proto_scps,proto_sctp,proto_sdrp,proto_secure-vmtp,proto_sep,proto_skip,proto_sm,proto_smp,proto_snp,proto_sprite-rpc,proto_sps,proto_srp,proto_st2,proto_stp,proto_sun-nd,proto_swipe,proto_tcf,proto_tcp,proto_tlsp,proto_tp++,proto_trunk-1,proto_trunk-2,proto_ttp,proto_udp,proto_udt,proto_unas,proto_uti,proto_vines,proto_visa,proto_vmtp,proto_vrrp,proto_wb-expak,proto_wb-mon,proto_wsn,proto_xnet,proto_xns-idp,proto_xtp,proto_zero,state_ACC,state_CLO,state_CON,state_ECO,state_ECR,state_FIN,state_INT,state_MAS,state_PAR,state_REQ,state_RST,state_TST,state_TXD,state_URH,state_URN,state_no,service_-,service_dhcp,service_dns,service_ftp,service_ftp-data,service_http,service_irc,service_pop3,service_radius,service_smtp,service_snmp,service_ssh,service_ssl
0,59.166.0.0,1390.0,149.171.126.6,53.0,0.0010550000006332994,132,164,31,29,0,0,500473.9375,621800.9375,2,2,0,0,0,0,66,82,0,0,0.0,0.0,1421898614,1421898614,0.017000000923871994,0.013000000268220901,0.0,0.0,0.0,True,0,0.0,True,0.0,3,7,1,3,1,1,0,0,0,0,0,0,0,0,0,0,0,0,0,0,0,0,0,0,0,0,0,0,0,0,0,0,0,0,0,0,0,0,0,0,0,0,0,0,0,0,0,0,0,0,0,0,0,0,0,0,0,0,0,0,0,0,0,0,0,0,0,0,0,0,0,0,0,0,0,0,0,0,0,0,0,0,0,0,0,0,0,0,0,0,0,0,0,0,0,0,0,0,0,0,0,0,0,0,0,0,0,0,0,0,0,0,0,0,0,0,0,0,0,0,0,0,0,0,0,0,1,0,0,0,0,0,0,0,0,0,0,0,0,0,0,0,0,1,0,0,0,0,0,0,0,0,0,0,0,0,0,0,0,1,0,0,0,0,0,0,0,0,0,0
1,59.166.0.0,33661.0,149.171.126.9,1024.0,0.03613299876451492,528,304,31,29,0,0,87676.0859375,50480.171875,4,4,0,0,0,0,132,76,0,0,9.891010284423828,10.682732582092285,1421898614,1421898614,7.005000114440918,7.564332962036133,0.0,0.0,0.0,True,0,0.0,True,0.0,2,4,2,3,1,1,0,0,0,0,0,0,0,0,0,0,0,0,0,0,0,0,0,0,0,0,0,0,0,0,0,0,0,0,0,0,0,0,0,0,0,0,0,0,0,0,0,0,0,0,0,0,0,0,0,0,0,0,0,0,0,0,0,0,0,0,0,0,0,0,0,0,0,0,0,0,0,0,0,0,0,0,0,0,0,0,0,0,0,0,0,0,0,0,0,0,0,0,0,0,0,0,0,0,0,0,0,0,0,0,0,0,0,0,0,0,0,0,0,0,0,0,0,0,0,0,1,0,0,0,0,0,0,0,0,0,0,0,0,0,0,0,0,1,0,0,0,0,0,0,0,0,0,0,0,0,0,1,0,0,0,0,0,0,0,0,0,0,0,0
2,59.166.0.6,1464.0,149.171.126.7,53.0,0.0011190000222995877,146,178,31,29,0,0,521894.53125,636282.375,2,2,0,0,0,0,73,89,0,0,0.0,0.0,1421898614,1421898614,0.017000000923871994,0.013000000268220901,0.0,0.0,0.0,True,0,0.0,True,0.0,12,8,1,2,2,1,0,0,0,0,0,0,0,0,0,0,0,0,0,0,0,0,0,0,0,0,0,0,0,0,0,0,0,0,0,0,0,0,0,0,0,0,0,0,0,0,0,0,0,0,0,0,0,0,0,0,0,0,0,0,0,0,0,0,0,0,0,0,0,0,0,0,0,0,0,0,0,0,0,0,0,0,0,0,0,0,0,0,0,0,0,0,0,0,0,0,0,0,0,0,0,0,0,0,0,0,0,0,0,0,0,0,0,0,0,0,0,0,0,0,0,0,0,0,0,0,1,0,0,0,0,0,0,0,0,0,0,0,0,0,0,0,0,1,0,0,0,0,0,0,0,0,0,0,0,0,0,0,0,1,0,0,0,0,0,0,0,0,0,0
3,59.166.0.5,3593.0,149.171.126.5,53.0,0.00120900000911206,132,164,31,29,0,0,436724.5625,542597.1875,2,2,0,0,0,0,66,82,0,0,0.0,0.0,1421898614,1421898614,0.0430000014603138,0.014000000432133675,0.0,0.0,0.0,True,0,0.0,True,0.0,6,9,1,1,1,1,0,0,0,0,0,0,0,0,0,0,0,0,0,0,0,0,0,0,0,0,0,0,0,0,0,0,0,0,0,0,0,0,0,0,0,0,0,0,0,0,0,0,0,0,0,0,0,0,0,0,0,0,0,0,0,0,0,0,0,0,0,0,0,0,0,0,0,0,0,0,0,0,0,0,0,0,0,0,0,0,0,0,0,0,0,0,0,0,0,0,0,0,0,0,0,0,0,0,0,0,0,0,0,0,0,0,0,0,0,0,0,0,0,0,0,0,0,0,0,0,1,0,0,0,0,0,0,0,0,0,0,0,0,0,0,0,0,1,0,0,0,0,0,0,0,0,0,0,0,0,0,0,0,1,0,0,0,0,0,0,0,0,0,0
4,59.166.0.3,49664.0,149.171.126.0,53.0,0.0011690000537782907,146,178,31,29,0,0,499572.25,609067.5625,2,2,0,0,0,0,73,89,0,0,0.0,0.0,1421898614,1421898614,0.004999999888241291,0.003000000026077032,0.0,0.0,0.0,True,0,0.0,True,0.0,7,9,1,1,1,1,0,0,0,0,0,0,0,0,0,0,0,0,0,0,0,0,0,0,0,0,0,0,0,0,0,0,0,0,0,0,0,0,0,0,0,0,0,0,0,0,0,0,0,0,0,0,0,0,0,0,0,0,0,0,0,0,0,0,0,0,0,0,0,0,0,0,0,0,0,0,0,0,0,0,0,0,0,0,0,0,0,0,0,0,0,0,0,0,0,0,0,0,0,0,0,0,0,0,0,0,0,0,0,0,0,0,0,0,0,0,0,0,0,0,0,0,0,0,0,0,1,0,0,0,0,0,0,0,0,0,0,0,0,0,0,0,0,1,0,0,0,0,0,0,0,0,0,0,0,0,0,0,0,1,0,0,0,0,0,0,0,0,0,0
5,59.166.0.0,32119.0,149.171.126.9,111.0,0.07833900302648544,568,312,31,29,0,0,43503.234375,23896.142578125,4,4,0,0,0,0,142,78,0,0,29.682220458984375,34.370338439941406,1421898614,1421898614,21.003000259399414,24.315000534057617,0.0,0.0,0.0,True,0,0.0,True,0.0,2,4,2,3,1,1,0,0,0,0,0,0,0,0,0,0,0,0,0,0,0,0,0,0,0,0,0,0,0,0,0,0,0,0,0,0,0,0,0,0,0,0,0,0,0,0,0,0,0,0,0,0,0,0,0,0,0,0,0,0,0,0,0,0,0,0,0,0,0,0,0,0,0,0,0,0,0,0,0,0,0,0,0,0,0,0,0,0,0,0,0,0,0,0,0,0,0,0,0,0,0,0,0,0,0,0,0,0,0,0,0,0,0,0,0,0,0,0,0,0,0,0,0,0,0,0,1,0,0,0,0,0,0,0,0,0,0,0,0,0,0,0,0,1,0,0,0,0,0,0,0,0,0,0,0,0,0,1,0,0,0,0,0,0,0,0,0,0,0,0
6,59.166.0.6,2142.0,149.171.126.4,53.0,0.0011340000201016665,132,164,31,29,0,0,465608.46875,578483.25,2,2,0,0,0,0,66,82,0,0,0.0,0.0,1421898614,1421898614,0.017000000923871994,0.013000000268220901,0.0,0.0,0.0,True,0,0.0,True,0.0,12,7,1,2,2,1,0,0,0,0,0,0,0,0,0,0,0,0,0,0,0,0,0,0,0,0,0,0,0,0,0,0,0,0,0,0,0,0,0,0,0,0,0,0,0,0,0,0,0,0,0,0,0,0,0,0,0,0,0,0,0,0,0,0,0,0,0,0,0,0,0,0,0,0,0,0,0,0,0,0,0,0,0,0,0,0,0,0,0,0,0,0,0,0,0,0,0,0,0,0,0,0,0,0,0,0,0,0,0,0,0,0,0,0,0,0,0,0,0,0,0,0,0,0,0,0,1,0,0,0,0,0,0,0,0,0,0,0,0,0,0,0,0,1,0,0,0,0,0,0,0,0,0,0,0,0,0,0,0,1,0,0,0,0,0,0,0,0,0,0
7,10.40.182.3,0.0,10.40.182.3,0.0,0.0,46,0,0,0,0,0,0.0,0.0,1,0,0,0,0,0,46,0,0,0,0.0,0.0,1421898615,1421898615,0.0,0.0,0.0,0.0,0.0,True,2,0.0,True,0.0,2,2,2,2,2,2,0,0,0,0,0,0,1,0,0,0,0,0,0,0,0,0,0,0,0,0,0,0,0,0,0,0,0,0,0,0,0,0,0,0,0,0,0,0,0,0,0,0,0,0,0,0,0,0,0,0,0,0,0,0,0,0,0,0,0,0,0,0,0,0,0,0,0,0,0,0,0,0,0,0,0,0,0,0,0,0,0,0,0,0,0,0,0,0,0,0,0,0,0,0,0,0,0,0,0,0,0,0,0,0,0,0,0,0,0,0,0,0,0,0,0,0,0,0,0,0,0,0,0,0,0,0,0,0,0,0,0,0,0,0,0,0,0,0,0,0,0,1,0,0,0,0,0,0,0,0,0,1,0,0,0,0,0,0,0,0,0,0,0,0
8,59.166.0.5,40726.0,149.171.126.6,53.0,0.0011259999591857195,146,178,31,29,0,0,518650.09375,632326.8125,2,2,0,0,0,0,73,89,0,0,0.0,0.0,1421898615,1421898615,0.017999999225139618,0.013000000268220901,0.0,0.0,0.0,True,0,0.0,True,0.0,6,7,3,1,1,1,0,0,0,0,0,0,0,0,0,0,0,0,0,0,0,0,0,0,0,0,0,0,0,0,0,0,0,0,0,0,0,0,0,0,0,0,0,0,0,0,0,0,0,0,0,0,0,0,0,0,0,0,0,0,0,0,0,0,0,0,0,0,0,0,0,0,0,0,0,0,0,0,0,0,0,0,0,0,0,0,0,0,0,0,0,0,0,0,0,0,0,0,0,0,0,0,0,0,0,0,0,0,0,0,0,0,0,0,0,0,0,0,0,0,0,0,0,0,0,0,1,0,0,0,0,0,0,0,0,0,0,0,0,0,0,0,0,1,0,0,0,0,0,0,0,0,0,0,0,0,0,0,0,1,0,0,0,0,0,0,0,0,0,0
9,59.166.0.7,12660.0,149.171.126.4,53.0,0.001167000038549304,132,164,31,29,0,0,452442.15625,562125.0625,2,2,0,0,0,0,66,82,0,0,0.0,0.0,1421898615,1421898615,0.017999999225139618,0.013000000268220901,0.0,0.0,0.0,True,0,0.0,True,0.0,6,7,2,1,1,1,0,0,0,0,0,0,0,0,0,0,0,0,0,0,0,0,0,0,0,0,0,0,0,0,0,0,0,0,0,0,0,0,0,0,0,0,0,0,0,0,0,0,0,0,0,0,0,0,0,0,0,0,0,0,0,0,0,0,0,0,0,0,0,0,0,0,0,0,0,0,0,0,0,0,0,0,0,0,0,0,0,0,0,0,0,0,0,0,0,0,0,0,0,0,0,0,0,0,0,0,0,0,0,0,0,0,0,0,0,0,0,0,0,0,0,0,0,0,0,0,1,0,0,0,0,0,0,0,0,0,0,0,0,0,0,0,0,1,0,0,0,0,0,0,0,0,0,0,0,0,0,0,0,1,0,0,0,0,0,0,0,0,0,0
10,10.40.170.2,0.0,10.40.170.2,0.0,0.0,46,0,0,0,0,0,0.0,0.0,1,0,0,0,0,0,46,0,0,0,0.0,0.0,1421898615,1421898615,0.0,0.0,0.0,0.0,0.0,True,2,0.0,True,0.0,2,2,2,2,2,2,0,0,0,0,0,0,1,0,0,0,0,0,0,0,0,0,0,0,0,0,0,0,0,0,0,0,0,0,0,0,0,0,0,0,0,0,0,0,0,0,0,0,0,0,0,0,0,0,0,0,0,0,0,0,0,0,0,0,0,0,0,0,0,0,0,0,0,0,0,0,0,0,0,0,0,0,0,0,0,0,0,0,0,0,0,0,0,0,0,0,0,0,0,0,0,0,0,0,0,0,0,0,0,0,0,0,0,0,0,0,0,0,0,0,0,0,0,0,0,0,0,0,0,0,0,0,0,0,0,0,0,0,0,0,0,0,0,0,0,0,0,1,0,0,0,0,0,0,0,0,0,1,0,0,0,0,0,0,0,0,0,0,0,0
13,59.166.0.1,48847.0,149.171.126.5,53.0,0.0010930000571534038,132,164,31,29,0,0,483074.09375,600182.9375,2,2,0,0,0,0,66,82,0,0,0.0,0.0,1421898615,1421898615,0.017999999225139618,0.013000000268220901,0.0,0.0,0.0,True,0,0.0,True,0.0,6,9,2,5,1,1,0,0,0,0,0,0,0,0,0,0,0,0,0,0,0,0,0,0,0,0,0,0,0,0,0,0,0,0,0,0,0,0,0,0,0,0,0,0,0,0,0,0,0,0,0,0,0,0,0,0,0,0,0,0,0,0,0,0,0,0,0,0,0,0,0,0,0,0,0,0,0,0,0,0,0,0,0,0,0,0,0,0,0,0,0,0,0,0,0,0,0,0,0,0,0,0,0,0,0,0,0,0,0,0,0,0,0,0,0,0,0,0,0,0,0,0,0,0,0,0,1,0,0,0,0,0,0,0,0,0,0,0,0,0,0,0,0,1,0,0,0,0,0,0,0,0,0,0,0,0,0,0,0,1,0,0,0,0,0,0,0,0,0,0
14,59.166.0.1,24266.0,149.171.126.9,41049.0,0.001851000008173287,528,304,31,29,0,0,1711507.25,985413.3125,4,4,0,0,0,0,132,76,0,0,0.6569030284881592,0.32833901047706604,1421898615,1421898615,0.47099998593330383,0.2376669943332672,0.0,0.0,0.0,True,0,0.0,True,0.0,8,4,2,5,1,1,0,0,0,0,0,0,0,0,0,0,0,0,0,0,0,0,0,0,0,0,0,0,0,0,0,0,0,0,0,0,0,0,0,0,0,0,0,0,0,0,0,0,0,0,0,0,0,0,0,0,0,0,0,0,0,0,0,0,0,0,0,0,0,0,0,0,0,0,0,0,0,0,0,0,0,0,0,0,0,0,0,0,0,0,0,0,0,0,0,0,0,0,0,0,0,0,0,0,0,0,0,0,0,0,0,0,0,0,0,0,0,0,0,0,0,0,0,0,0,0,1,0,0,0,0,0,0,0,0,0,0,0,0,0,0,0,0,1,0,0,0,0,0,0,0,0,0,0,0,0,0,1,0,0,0,0,0,0,0,0,0,0,0,0
15,59.166.0.1,10393.0,149.171.126.6,44307.0,0.001749000046402216,528,304,31,29,0,0,1811320.75,1042881.625,4,4,0,0,0,0,132,76,0,0,0.6404029726982117,0.2809680104255676,1421898615,1421898615,0.45833298563957214,0.20366699993610382,0.0,0.0,0.0,True,0,0.0,True,0.0,8,2,3,5,1,1,0,0,0,0,0,0,0,0,0,0,0,0,0,0,0,0,0,0,0,0,0,0,0,0,0,0,0,0,0,0,0,0,0,0,0,0,0,0,0,0,0,0,0,0,0,0,0,0,0,0,0,0,0,0,0,0,0,0,0,0,0,0,0,0,0,0,0,0,0,0,0,0,0,0,0,0,0,0,0,0,0,0,0,0,0,0,0,0,0,0,0,0,0,0,0,0,0,0,0,0,0,0,0,0,0,0,0,0,0,0,0,0,0,0,0,0,0,0,0,0,1,0,0,0,0,0,0,0,0,0,0,0,0,0,0,0,0,1,0,0,0,0,0,0,0,0,0,0,0,0,0,1,0,0,0,0,0,0,0,0,0,0,0,0
16,59.166.0.2,62539.0,149.171.126.4,53.0,0.0011279999744147062,132,164,31,29,0,0,468085.125,581560.3125,2,2,0,0,0,0,66,82,0,0,0.0,0.0,1421898615,1421898615,0.017000000923871994,0.014999999664723873,0.0,0.0,0.0,True,0,0.0,True,0.0,7,7,2,1,1,1,0,0,0,0,0,0,0,0,0,0,0,0,0,0,0,0,0,0,0,0,0,0,0,0,0,0,0,0,0,0,0,0,0,0,0,0,0,0,0,0,0,0,0,0,0,0,0,0,0,0,0,0,0,0,0,0,0,0,0,0,0,0,0,0,0,0,0,0,0,0,0,0,0,0,0,0,0,0,0,0,0,0,0,0,0,0,0,0,0,0,0,0,0,0,0,0,0,0,0,0,0,0,0,0,0,0,0,0,0,0,0,0,0,0,0,0,0,0,0,0,1,0,0,0,0,0,0,0,0,0,0,0,0,0,0,0,0,1,0,0,0,0,0,0,0,0,0,0,0,0,0,0,0,1,0,0,0,0,0,0,0,0,0,0
17,59.166.0.1,21270.0,149.171.126.9,111.0,0.005152999889105558,568,312,31,29,0,0,661362.3125,363283.53125,4,4,0,0,0,0,142,78,0,0,1.890104055404663,1.6105539798736572,1421898615,1421898615,1.3480000495910645,1.1493330001831055,0.0,0.0,0.0,True,0,0.0,True,0.0,8,4,2,5,2,1,0,0,0,0,0,0,0,0,0,0,0,0,0,0,0,0,0,0,0,0,0,0,0,0,0,0,0,0,0,0,0,0,0,0,0,0,0,0,0,0,0,0,0,0,0,0,0,0,0,0,0,0,0,0,0,0,0,0,0,0,0,0,0,0,0,0,0,0,0,0,0,0,0,0,0,0,0,0,0,0,0,0,0,0,0,0,0,0,0,0,0,0,0,0,0,0,0,0,0,0,0,0,0,0,0,0,0,0,0,0,0,0,0,0,0,0,0,0,0,0,1,0,0,0,0,0,0,0,0,0,0,0,0,0,0,0,0,1,0,0,0,0,0,0,0,0,0,0,0,0,0,1,0,0,0,0,0,0,0,0,0,0,0,0
18,59.166.0.1,8989.0,149.171.126.6,111.0,0.004898000042885542,568,312,31,29,0,0,695794.1875,382196.8125,4,4,0,0,0,0,142,78,0,0,1.7807389497756958,1.5495070219039917,1421898615,1421898615,1.2696670293807983,1.1036670207977295,0.0,0.0,0.0,True,0,0.0,True,0.0,8,2,3,5,2,1,0,0,0,0,0,0,0,0,0,0,0,0,0,0,0,0,0,0,0,0,0,0,0,0,0,0,0,0,0,0,0,0,0,0,0,0,0,0,0,0,0,0,0,0,0,0,0,0,0,0,0,0,0,0,0,0,0,0,0,0,0,0,0,0,0,0,0,0,0,0,0,0,0,0,0,0,0,0,0,0,0,0,0,0,0,0,0,0,0,0,0,0,0,0,0,0,0,0,0,0,0,0,0,0,0,0,0,0,0,0,0,0,0,0,0,0,0,0,0,0,1,0,0,0,0,0,0,0,0,0,0,0,0,0,0,0,0,1,0,0,0,0,0,0,0,0,0,0,0,0,0,1,0,0,0,0,0,0,0,0,0,0,0,0
19,59.166.0.4,49346.0,149.171.126.5,53.0,0.0011109999613836408,132,164,31,29,0,0,475247.53125,590459.0625,2,2,0,0,0,0,66,82,0,0,0.0,0.0,1421898615,1421898615,0.017999999225139618,0.013000000268220901,0.0,0.0,0.0,True,0,0.0,True,0.0,5,9,2,1,1,1,0,0,0,0,0,0,0,0,0,0,0,0,0,0,0,0,0,0,0,0,0,0,0,0,0,0,0,0,0,0,0,0,0,0,0,0,0,0,0,0,0,0,0,0,0,0,0,0,0,0,0,0,0,0,0,0,0,0,0,0,0,0,0,0,0,0,0,0,0,0,0,0,0,0,0,0,0,0,0,0,0,0,0,0,0,0,0,0,0,0,0,0,0,0,0,0,0,0,0,0,0,0,0,0,0,0,0,0,0,0,0,0,0,0,0,0,0,0,0,0,1,0,0,0,0,0,0,0,0,0,0,0,0,0,0,0,0,1,0,0,0,0,0,0,0,0,0,0,0,0,0,0,0,1,0,0,0,0,0,0,0,0,0,0
20,175.45.176.3,21223.0,149.171.126.18,32780.0,2.099999983329326e-05,728,0,254,0,0,0,138666672.0,0.0,2,0,0,0,0,0,364,0,0,0,0.0,0.0,1421898615,1421898615,0.020999999716877937,0.0,0.0,0.0,0.0,True,2,0.0,True,0.0,1,1,1,1,1,1,0,0,0,0,0,0,0,0,0,0,0,0,0,0,0,0,0,0,0,0,0,0,0,0,0,0,0,0,0,0,0,0,0,0,0,0,0,0,0,0,0,0,0,0,0,0,0,0,0,0,0,0,0,0,0,0,0,0,0,0,0,0,0,0,0,0,0,0,0,0,0,0,0,0,0,0,0,0,0,0,0,0,0,0,0,0,0,0,0,0,0,0,0,0,0,0,0,0,0,0,0,0,0,0,0,0,0,0,0,0,0,0,0,0,0,0,0,0,0,0,1,0,0,0,0,0,0,0,0,0,0,0,0,0,0,0,0,0,0,0,0,1,0,0,0,0,0,0,0,0,0,1,0,0,0,0,0,0,0,0,0,0,0,0
21,175.45.176.2,23357.0,149.171.126.16,80.0,0.24013899266719818,918,25552,62,252,2,10,28050.421875,815794.1875,12,24,255,255,1708297952,1939490744,77,1065,1,12026,1170.481689453125,1144.38330078125,1421898616,1421898616,21.83081817626953,9.570303916931152,0.05147499963641167,0.006527999881654978,0.04494699835777283,True,1,1.0,True,0.0,3,2,2,1,1,1,0,0,0,0,0,0,0,0,0,0,0,0,0,0,0,0,0,0,0,0,0,0,0,0,0,0,0,0,0,0,0,0,0,0,0,0,0,0,0,0,0,0,0,0,0,0,0,0,0,0,0,0,0,0,0,0,0,0,0,0,0,0,0,0,0,0,0,0,0,0,0,0,0,0,0,0,0,0,0,0,0,0,0,0,0,0,0,0,0,0,0,0,0,0,0,0,0,0,0,0,0,0,0,0,0,0,0,0,0,0,0,0,0,0,1,0,0,0,0,0,0,0,0,0,0,0,0,0,0,0,0,0,0,0,0,0,0,0,0,0,1,0,0,0,0,0,0,0,0,0,0,0,0,0,0,0,1,0,0,0,0,0,0,0
22,175.45.176.0,13284.0,149.171.126.16,80.0,2.390389919281006,1362,268,254,252,6,1,4233.619140625,749.6685180664062,14,6,255,255,3897219059,2466816006,97,45,1,0,18786.7109375,941.7249145507812,1421898614,1421898616,183.5792999267578,474.2593994140625,0.0660879984498024,0.017959000542759895,0.04812899976968765,True,1,1.0,True,0.0,5,2,2,1,1,1,0,0,0,0,0,0,0,0,0,0,0,0,0,0,0,0,0,0,0,0,0,0,0,0,0,0,0,0,0,0,0,0,0,0,0,0,0,0,0,0,0,0,0,0,0,0,0,0,0,0,0,0,0,0,0,0,0,0,0,0,0,0,0,0,0,0,0,0,0,0,0,0,0,0,0,0,0,0,0,0,0,0,0,0,0,0,0,0,0,0,0,0,0,0,0,0,0,0,0,0,0,0,0,0,0,0,0,0,0,0,0,0,0,0,1,0,0,0,0,0,0,0,0,0,0,0,0,0,0,0,0,0,0,0,0,0,0,0,0,0,1,0,0,0,0,0,0,0,0,0,0,0,0,0,0,0,1,0,0,0,0,0,0,0
23,59.166.0.3,4192.0,149.171.126.9,53.0,0.001101000001654029,132,164,31,29,0,0,479564.03125,595822.0,2,2,0,0,0,0,66,82,0,0,0.0,0.0,1421898616,1421898616,0.017000000923871994,0.012000000104308128,0.0,0.0,0.0,True,0,0.0,True,0.0,7,4,3,1,1,1,0,0,0,0,0,0,0,0,0,0,0,0,0,0,0,0,0,0,0,0,0,0,0,0,0,0,0,0,0,0,0,0,0,0,0,0,0,0,0,0,0,0,0,0,0,0,0,0,0,0,0,0,0,0,0,0,0,0,0,0,0,0,0,0,0,0,0,0,0,0,0,0,0,0,0,0,0,0,0,0,0,0,0,0,0,0,0,0,0,0,0,0,0,0,0,0,0,0,0,0,0,0,0,0,0,0,0,0,0,0,0,0,0,0,0,0,0,0,0,0,1,0,0,0,0,0,0,0,0,0,0,0,0,0,0,0,0,1,0,0,0,0,0,0,0,0,0,0,0,0,0,0,0,1,0,0,0,0,0,0,0,0,0,0
24,59.166.0.2,26872.0,149.171.126.8,53.0,0.0010819999733939767,132,164,31,29,0,0,487985.21875,606284.6875,2,2,0,0,0,0,66,82,0,0,0.0,0.0,1421898616,1421898616,0.010999999940395355,0.008999999612569809,0.0,0.0,0.0,True,0,0.0,True,0.0,7,6,1,1,1,1,0,0,0,0,0,0,0,0,0,0,0,0,0,0,0,0,0,0,0,0,0,0,0,0,0,0,0,0,0,0,0,0,0,0,0,0,0,0,0,0,0,0,0,0,0,0,0,0,0,0,0,0,0,0,0,0,0,0,0,0,0,0,0,0,0,0,0,0,0,0,0,0,0,0,0,0,0,0,0,0,0,0,0,0,0,0,0,0,0,0,0,0,0,0,0,0,0,0,0,0,0,0,0,0,0,0,0,0,0,0,0,0,0,0,0,0,0,0,0,0,1,0,0,0,0,0,0,0,0,0,0,0,0,0,0,0,0,1,0,0,0,0,0,0,0,0,0,0,0,0,0,0,0,1,0,0,0,0,0,0,0,0,0,0
25,59.166.0.8,24946.0,149.171.126.2,53.0,0.0011220000451430678,132,164,31,29,0,0,470588.21875,584670.1875,2,2,0,0,0,0,66,82,0,0,0.0,0.0,1421898616,1421898616,0.017999999225139618,0.014000000432133675,0.0,0.0,0.0,True,0,0.0,True,0.0,8,3,1,2,2,1,0,0,0,0,0,0,0,0,0,0,0,0,0,0,0,0,0,0,0,0,0,0,0,0,0,0,0,0,0,0,0,0,0,0,0,0,0,0,0,0,0,0,0,0,0,0,0,0,0,0,0,0,0,0,0,0,0,0,0,0,0,0,0,0,0,0,0,0,0,0,0,0,0,0,0,0,0,0,0,0,0,0,0,0,0,0,0,0,0,0,0,0,0,0,0,0,0,0,0,0,0,0,0,0,0,0,0,0,0,0,0,0,0,0,0,0,0,0,0,0,1,0,0,0,0,0,0,0,0,0,0,0,0,0,0,0,0,1,0,0,0,0,0,0,0,0,0,0,0,0,0,0,0,1,0,0,0,0,0,0,0,0,0,0
26,59.166.0.9,5685.0,149.171.126.6,53.0,0.0011409999569877982,146,178,31,29,0,0,511831.75,624014.0625,2,2,0,0,0,0,73,89,0,0,0.0,0.0,1421898616,1421898616,0.017000000923871994,0.014999999664723873,0.0,0.0,0.0,True,0,0.0,True,0.0,5,7,1,1,1,1,0,0,0,0,0,0,0,0,0,0,0,0,0,0,0,0,0,0,0,0,0,0,0,0,0,0,0,0,0,0,0,0,0,0,0,0,0,0,0,0,0,0,0,0,0,0,0,0,0,0,0,0,0,0,0,0,0,0,0,0,0,0,0,0,0,0,0,0,0,0,0,0,0,0,0,0,0,0,0,0,0,0,0,0,0,0,0,0,0,0,0,0,0,0,0,0,0,0,0,0,0,0,0,0,0,0,0,0,0,0,0,0,0,0,0,0,0,0,0,0,1,0,0,0,0,0,0,0,0,0,0,0,0,0,0,0,0,1,0,0,0,0,0,0,0,0,0,0,0,0,0,0,0,1,0,0,0,0,0,0,0,0,0,0
27,59.166.0.0,22848.0,149.171.126.1,53.0,0.001164000015705824,146,178,31,29,0,0,501718.21875,611683.8125,2,2,0,0,0,0,73,89,0,0,0.0,0.0,1421898616,1421898616,0.017999999225139618,0.013000000268220901,0.0,0.0,0.0,True,0,0.0,True,0.0,3,8,2,1,1,1,0,0,0,0,0,0,0,0,0,0,0,0,0,0,0,0,0,0,0,0,0,0,0,0,0,0,0,0,0,0,0,0,0,0,0,0,0,0,0,0,0,0,0,0,0,0,0,0,0,0,0,0,0,0,0,0,0,0,0,0,0,0,0,0,0,0,0,0,0,0,0,0,0,0,0,0,0,0,0,0,0,0,0,0,0,0,0,0,0,0,0,0,0,0,0,0,0,0,0,0,0,0,0,0,0,0,0,0,0,0,0,0,0,0,0,0,0,0,0,0,1,0,0,0,0,0,0,0,0,0,0,0,0,0,0,0,0,1,0,0,0,0,0,0,0,0,0,0,0,0,0,0,0,1,0,0,0,0,0,0,0,0,0,0
28,59.166.0.5,28565.0,149.171.126.9,53.0,0.0011269999668002129,132,164,31,29,0,0,468500.46875,582076.3125,2,2,0,0,0,0,66,82,0,0,0.0,0.0,1421898616,1421898616,0.017000000923871994,0.014999999664723873,0.0,0.0,0.0,True,0,0.0,True,0.0,6,4,3,1,1,1,0,0,0,0,0,0,0,0,0,0,0,0,0,0,0,0,0,0,0,0,0,0,0,0,0,0,0,0,0,0,0,0,0,0,0,0,0,0,0,0,0,0,0,0,0,0,0,0,0,0,0,0,0,0,0,0,0,0,0,0,0,0,0,0,0,0,0,0,0,0,0,0,0,0,0,0,0,0,0,0,0,0,0,0,0,0,0,0,0,0,0,0,0,0,0,0,0,0,0,0,0,0,0,0,0,0,0,0,0,0,0,0,0,0,0,0,0,0,0,0,1,0,0,0,0,0,0,0,0,0,0,0,0,0,0,0,0,1,0,0,0,0,0,0,0,0,0,0,0,0,0,0,0,1,0,0,0,0,0,0,0,0,0,0
29,59.166.0.7,46719.0,149.171.126.4,53.0,0.0010730000212788582,132,164,31,29,0,0,492078.28125,611370.0,2,2,0,0,0,0,66,82,0,0,0.0,0.0,1421898616,1421898616,0.010999999940395355,0.00800000037997961,0.0,0.0,0.0,True,0,0.0,True,0.0,6,7,1,1,1,1,0,0,0,0,0,0,0,0,0,0,0,0,0,0,0,0,0,0,0,0,0,0,0,0,0,0,0,0,0,0,0,0,0,0,0,0,0,0,0,0,0,0,0,0,0,0,0,0,0,0,0,0,0,0,0,0,0,0,0,0,0,0,0,0,0,0,0,0,0,0,0,0,0,0,0,0,0,0,0,0,0,0,0,0,0,0,0,0,0,0,0,0,0,0,0,0,0,0,0,0,0,0,0,0,0,0,0,0,0,0,0,0,0,0,0,0,0,0,0,0,1,0,0,0,0,0,0,0,0,0,0,0,0,0,0,0,0,1,0,0,0,0,0,0,0,0,0,0,0,0,0,0,0,1,0,0,0,0,0,0,0,0,0,0
30,59.166.0.8,25100.0,149.171.126.9,53.0,0.001196000026538968,146,178,31,29,0,0,488294.3125,595317.6875,2,2,0,0,0,0,73,89,0,0,0.0,0.0,1421898616,1421898616,0.017000000923871994,0.014999999664723873,0.0,0.0,0.0,True,0,0.0,True,0.0,8,4,3,2,2,1,0,0,0,0,0,0,0,0,0,0,0,0,0,0,0,0,0,0,0,0,0,0,0,0,0,0,0,0,0,0,0,0,0,0,0,0,0,0,0,0,0,0,0,0,0,0,0,0,0,0,0,0,0,0,0,0,0,0,0,0,0,0,0,0,0,0,0,0,0,0,0,0,0,0,0,0,0,0,0,0,0,0,0,0,0,0,0,0,0,0,0,0,0,0,0,0,0,0,0,0,0,0,0,0,0,0,0,0,0,0,0,0,0,0,0,0,0,0,0,0,1,0,0,0,0,0,0,0,0,0,0,0,0,0,0,0,0,1,0,0,0,0,0,0,0,0,0,0,0,0,0,0,0,1,0,0,0,0,0,0,0,0,0,0
31,59.166.0.1,29704.0,149.171.126.1,53.0,0.001101000001654029,132,164,31,29,0,0,479564.03125,595822.0,2,2,0,0,0,0,66,82,0,0,0.0,0.0,1421898616,1421898616,0.017000000923871994,0.013000000268220901,0.0,0.0,0.0,True,0,0.0,True,0.0,6,8,2,1,1,1,0,0,0,0,0,0,0,0,0,0,0,0,0,0,0,0,0,0,0,0,0,0,0,0,0,0,0,0,0,0,0,0,0,0,0,0,0,0,0,0,0,0,0,0,0,0,0,0,0,0,0,0,0,0,0,0,0,0,0,0,0,0,0,0,0,0,0,0,0,0,0,0,0,0,0,0,0,0,0,0,0,0,0,0,0,0,0,0,0,0,0,0,0,0,0,0,0,0,0,0,0,0,0,0,0,0,0,0,0,0,0,0,0,0,0,0,0,0,0,0,1,0,0,0,0,0,0,0,0,0,0,0,0,0,0,0,0,1,0,0,0,0,0,0,0,0,0,0,0,0,0,0,0,1,0,0,0,0,0,0,0,0,0,0
